lane_id,det_id
-114108319#0_0,e1det_-114108319#0_0
-119617637#10_0,e1det_-119617637#10_0
-119980756#4_0,e1det_-119980756#4_0
-119980759#5_0,e1det_-119980759#5_0
-121510282#1_0,e1det_-121510282#1_0
-121510284#1_0,e1det_-121510284#1_0
-121778769#2_0,e1det_-121778769#2_0
-121778769#4_0,e1det_-121778769#4_0
-121981776#4_0,e1det_-121981776#4_0
-121981776#5_0,e1det_-121981776#5_0
-121988914_0,e1det_-121988914_0
-121988929#0_0,e1det_-121988929#0_0
-121991173#1_0,e1det_-121991173#1_0
-121991960#6_0,e1det_-121991960#6_0
-121991960#7_0,e1det_-121991960#7_0
-122347705#1_0,e1det_-122347705#1_0
-127485853#1_0,e1det_-127485853#1_0
-127485853#4_0,e1det_-127485853#4_0
-128576354#0_0,e1det_-128576354#0_0
-128576354#0_1,e1det_-128576354#0_1
-128576354#1_0,e1det_-128576354#1_0
-128576354#1_1,e1det_-128576354#1_1
-128576354#2_0,e1det_-128576354#2_0
-128576354#2_1,e1det_-128576354#2_1
-128620742#1_0,e1det_-128620742#1_0
-128624211#0_0,e1det_-128624211#0_0
-128624211#2_0,e1det_-128624211#2_0
-128624211#3_0,e1det_-128624211#3_0
-128883552#2_0,e1det_-128883552#2_0
-136512012#1_0,e1det_-136512012#1_0
-136512012#4_0,e1det_-136512012#4_0
-136512207#0_0,e1det_-136512207#0_0
-136597124_0,e1det_-136597124_0
-136597131_0,e1det_-136597131_0
-138684850_0,e1det_-138684850_0
-138693091#0_0,e1det_-138693091#0_0
-138693091#1_0,e1det_-138693091#1_0
-139542981_0,e1det_-139542981_0
-139542982_0,e1det_-139542982_0
-144929523#3_0,e1det_-144929523#3_0
-144929523#4_0,e1det_-144929523#4_0
-155236367#0_0,e1det_-155236367#0_0
-155236367#4_0,e1det_-155236367#4_0
-156469312#0_0,e1det_-156469312#0_0
-156469312#1_0,e1det_-156469312#1_0
-159524563#1_0,e1det_-159524563#1_0
-159524586#1_0,e1det_-159524586#1_0
-159694559#0_0,e1det_-159694559#0_0
-161289126#0_0,e1det_-161289126#0_0
-161289126#1_0,e1det_-161289126#1_0
-161289132#2_0,e1det_-161289132#2_0
-161296945#1_0,e1det_-161296945#1_0
-161298699#0_0,e1det_-161298699#0_0
-161298699#2_0,e1det_-161298699#2_0
-161298709#2_0,e1det_-161298709#2_0
-161298711#1_0,e1det_-161298711#1_0
-161357286#2_0,e1det_-161357286#2_0
-161460521#1_0,e1det_-161460521#1_0
-161460521#2_0,e1det_-161460521#2_0
-161460525_0,e1det_-161460525_0
-161460528#5_0,e1det_-161460528#5_0
-161463732#3_0,e1det_-161463732#3_0
-161463732#5_0,e1det_-161463732#5_0
-161463732#7_0,e1det_-161463732#7_0
-161463743#0_0,e1det_-161463743#0_0
-161463751#1_0,e1det_-161463751#1_0
-161463752#1_0,e1det_-161463752#1_0
-161463771#0_0,e1det_-161463771#0_0
-161463775#2_0,e1det_-161463775#2_0
-161466915#0_0,e1det_-161466915#0_0
-163057033#11_0,e1det_-163057033#11_0
-163057033#1_0,e1det_-163057033#1_0
-163826859#1_0,e1det_-163826859#1_0
-164899627_0,e1det_-164899627_0
-169350172#0_0,e1det_-169350172#0_0
-169350172#1_0,e1det_-169350172#1_0
-169352442#0_0,e1det_-169352442#0_0
-171983190_0,e1det_-171983190_0
-174144375#0_0,e1det_-174144375#0_0
-174144375#2_0,e1det_-174144375#2_0
-174144375#3_0,e1det_-174144375#3_0
-174646986_0,e1det_-174646986_0
-174646990#0_0,e1det_-174646990#0_0
-174646990#1_0,e1det_-174646990#1_0
-182857673#1_0,e1det_-182857673#1_0
-187023158_0,e1det_-187023158_0
-188356148#0_0,e1det_-188356148#0_0
-191049869#0_0,e1det_-191049869#0_0
-193134964#0_0,e1det_-193134964#0_0
-193136067_0,e1det_-193136067_0
-217106658#0_0,e1det_-217106658#0_0
-217106658#1_0,e1det_-217106658#1_0
-22069891_0,e1det_-22069891_0
-22069891_1,e1det_-22069891_1
-227131930_0,e1det_-227131930_0
-227668234#1_0,e1det_-227668234#1_0
-227669820#0_0,e1det_-227669820#0_0
-227669820#1_0,e1det_-227669820#1_0
-22799948_0,e1det_-22799948_0
-22799950#4_0,e1det_-22799950#4_0
-23426778#0_0,e1det_-23426778#0_0
-234442025#1_0,e1det_-234442025#1_0
-235466190#0_0,e1det_-235466190#0_0
-235466190#0_1,e1det_-235466190#0_1
-235466190#1_0,e1det_-235466190#1_0
-235466190#1_1,e1det_-235466190#1_1
-238412940#0_0,e1det_-238412940#0_0
-238412940#3_0,e1det_-238412940#3_0
-23892248#0_0,e1det_-23892248#0_0
-23892248#2_0,e1det_-23892248#2_0
-23892248#3_0,e1det_-23892248#3_0
-23892248#4_0,e1det_-23892248#4_0
-23892248#5_0,e1det_-23892248#5_0
-23892248#6_0,e1det_-23892248#6_0
-239167100#0_0,e1det_-239167100#0_0
-240367920#0_0,e1det_-240367920#0_0
-240367932#0_0,e1det_-240367932#0_0
-240367933#2_0,e1det_-240367933#2_0
-240825498#0_0,e1det_-240825498#0_0
-240825498#0_1,e1det_-240825498#0_1
-240825501#0_0,e1det_-240825501#0_0
-251327809_0,e1det_-251327809_0
-251334042_0,e1det_-251334042_0
-25207520#3_0,e1det_-25207520#3_0
-25207520#5_0,e1det_-25207520#5_0
-25207520#6_0,e1det_-25207520#6_0
-25207520#7_0,e1det_-25207520#7_0
-25207520#8_0,e1det_-25207520#8_0
-26679327_0,e1det_-26679327_0
-26679327_1,e1det_-26679327_1
-27265184#0_0,e1det_-27265184#0_0
-27265184#2_0,e1det_-27265184#2_0
-29813003#7_0,e1det_-29813003#7_0
-29813003#8_0,e1det_-29813003#8_0
-30064848#1_0,e1det_-30064848#1_0
-32954667#5_0,e1det_-32954667#5_0
-33455857_0,e1det_-33455857_0
-384816564#0_0,e1det_-384816564#0_0
-40696643#6_0,e1det_-40696643#6_0
-422119590#0_0,e1det_-422119590#0_0
-422119590#1_0,e1det_-422119590#1_0
-42353706#1_0,e1det_-42353706#1_0
-42353706#2_0,e1det_-42353706#2_0
-42355000#0_0,e1det_-42355000#0_0
-42355001#1_0,e1det_-42355001#1_0
-42362895#0_0,e1det_-42362895#0_0
-42363103#0_0,e1det_-42363103#0_0
-42363103#1_0,e1det_-42363103#1_0
-42363120_0,e1det_-42363120_0
-42398512#0_0,e1det_-42398512#0_0
-42398977#1_0,e1det_-42398977#1_0
-42398978#3_0,e1det_-42398978#3_0
-42400052#0_0,e1det_-42400052#0_0
-42400052#1_0,e1det_-42400052#1_0
-42412528#5_0,e1det_-42412528#5_0
-42412632#1_0,e1det_-42412632#1_0
-42412632#2_0,e1det_-42412632#2_0
-42412632#3_0,e1det_-42412632#3_0
-42412632#4_0,e1det_-42412632#4_0
-42412751#4_0,e1det_-42412751#4_0
-42655140#0_0,e1det_-42655140#0_0
-42655140#1_0,e1det_-42655140#1_0
-42943184#0_0,e1det_-42943184#0_0
-42943243#12_0,e1det_-42943243#12_0
-44354424#0_0,e1det_-44354424#0_0
-466271889#1_0,e1det_-466271889#1_0
-48069908#0_0,e1det_-48069908#0_0
-50633435_0,e1det_-50633435_0
-515983627#2_0,e1det_-515983627#2_0
-543824360#10_0,e1det_-543824360#10_0
-567248422#4_0,e1det_-567248422#4_0
-628048130#1_0,e1det_-628048130#1_0
-663819976#2_0,e1det_-663819976#2_0
-663819976#3_0,e1det_-663819976#3_0
-699829401_0,e1det_-699829401_0
-723298101_0,e1det_-723298101_0
-72701010#1_0,e1det_-72701010#1_0
-743595603#1_0,e1det_-743595603#1_0
-757864194#1_0,e1det_-757864194#1_0
-757864195#0_0,e1det_-757864195#0_0
-80319849#0_0,e1det_-80319849#0_0
-854231924#0_0,e1det_-854231924#0_0
-854231924#0_1,e1det_-854231924#0_1
-866185023_0,e1det_-866185023_0
-868296018#4_0,e1det_-868296018#4_0
-868296018#7_0,e1det_-868296018#7_0
-868296018#9_0,e1det_-868296018#9_0
101765108#0_0,e1det_101765108#0_0
101765108#1_0,e1det_101765108#1_0
114077390_0,e1det_114077390_0
114108304#1_0,e1det_114108304#1_0
114108305#2_0,e1det_114108305#2_0
114108308_0,e1det_114108308_0
114108310#1_0,e1det_114108310#1_0
114108310#1_1,e1det_114108310#1_1
114108321_0,e1det_114108321_0
114108324_0,e1det_114108324_0
114108349#2-AddedOffRampEdge_0,e1det_114108349#2-AddedOffRampEdge_0
114108349#2-AddedOffRampEdge_1,e1det_114108349#2-AddedOffRampEdge_1
114108349#3_0,e1det_114108349#3_0
114108349#6_0,e1det_114108349#6_0
114108349#6_1,e1det_114108349#6_1
114391771#1_0,e1det_114391771#1_0
114391771#2_0,e1det_114391771#2_0
116920045_0,e1det_116920045_0
119617637#7_0,e1det_119617637#7_0
119980740#4_0,e1det_119980740#4_0
119980750#3_0,e1det_119980750#3_0
119980756#2_0,e1det_119980756#2_0
119980759#3_0,e1det_119980759#3_0
120426543#7_0,e1det_120426543#7_0
120426545#1_0,e1det_120426545#1_0
120426546#1_0,e1det_120426546#1_0
120491939_0,e1det_120491939_0
120492001#1_0,e1det_120492001#1_0
120492001#2_0,e1det_120492001#2_0
121100408#10_0,e1det_121100408#10_0
121100408#10_1,e1det_121100408#10_1
121100408#7_0,e1det_121100408#7_0
121100408#7_1,e1det_121100408#7_1
121100408#8_0,e1det_121100408#8_0
121100408#8_1,e1det_121100408#8_1
121100409#3_0,e1det_121100409#3_0
121100409#3_1,e1det_121100409#3_1
121100415_0,e1det_121100415_0
121100435#0_0,e1det_121100435#0_0
121100435#0_1,e1det_121100435#0_1
121100435#1_0,e1det_121100435#1_0
121100435#1_1,e1det_121100435#1_1
121100443_0,e1det_121100443_0
121100443_1,e1det_121100443_1
121100444#0_0,e1det_121100444#0_0
121100444#0_1,e1det_121100444#0_1
121399172#9_0,e1det_121399172#9_0
121399172#9_1,e1det_121399172#9_1
121399177#5_0,e1det_121399177#5_0
121399180#0_0,e1det_121399180#0_0
121399180#1_0,e1det_121399180#1_0
121399180#2_0,e1det_121399180#2_0
121399180#3_0,e1det_121399180#3_0
121399180#4_0,e1det_121399180#4_0
121399180#5_0,e1det_121399180#5_0
121399180#6_0,e1det_121399180#6_0
121399181#1_0,e1det_121399181#1_0
121399189#2_0,e1det_121399189#2_0
121399195#6_0,e1det_121399195#6_0
121399199#0_0,e1det_121399199#0_0
121399200_0,e1det_121399200_0
121399235#1_0,e1det_121399235#1_0
121399247#5_0,e1det_121399247#5_0
121399269_0,e1det_121399269_0
121399288_0,e1det_121399288_0
121399333_0,e1det_121399333_0
121399410#0_0,e1det_121399410#0_0
121399419#3_0,e1det_121399419#3_0
121399443#0_0,e1det_121399443#0_0
121399479#0_0,e1det_121399479#0_0
121399482#0_0,e1det_121399482#0_0
121510215#2_0,e1det_121510215#2_0
121510215#2_1,e1det_121510215#2_1
121510217#1_0,e1det_121510217#1_0
121510217#1_1,e1det_121510217#1_1
121510218#0_0,e1det_121510218#0_0
121510218#2_0,e1det_121510218#2_0
121510218#5_0,e1det_121510218#5_0
121510218#6_0,e1det_121510218#6_0
121510221#3_0,e1det_121510221#3_0
121510221#4_0,e1det_121510221#4_0
121510223#1_0,e1det_121510223#1_0
121510224#6_0,e1det_121510224#6_0
121510226#0_0,e1det_121510226#0_0
121510228#6_0,e1det_121510228#6_0
121510231#10_0,e1det_121510231#10_0
121510231#14_0,e1det_121510231#14_0
121510231#4_0,e1det_121510231#4_0
121510231#5_0,e1det_121510231#5_0
121510231#7_0,e1det_121510231#7_0
121510231#8_0,e1det_121510231#8_0
121510234#0_0,e1det_121510234#0_0
121510234#11_0,e1det_121510234#11_0
121510234#12_0,e1det_121510234#12_0
121510234#14_0,e1det_121510234#14_0
121510234#17_0,e1det_121510234#17_0
121510234#19_0,e1det_121510234#19_0
121510234#20_0,e1det_121510234#20_0
121510234#3_0,e1det_121510234#3_0
121510234#5_0,e1det_121510234#5_0
121510234#6_0,e1det_121510234#6_0
121510234#8_0,e1det_121510234#8_0
121510234#9_0,e1det_121510234#9_0
121510280#6_0,e1det_121510280#6_0
121510280#7_0,e1det_121510280#7_0
121510280#9_0,e1det_121510280#9_0
121510281#2_0,e1det_121510281#2_0
121510282#6_0,e1det_121510282#6_0
121510283#13_0,e1det_121510283#13_0
121510283#14_0,e1det_121510283#14_0
121510283#3_0,e1det_121510283#3_0
121510283#4_0,e1det_121510283#4_0
121510283#6_0,e1det_121510283#6_0
121510283#9_0,e1det_121510283#9_0
121511486#0_0,e1det_121511486#0_0
121511486#2_0,e1det_121511486#2_0
121511486#6_0,e1det_121511486#6_0
121511573#1_0,e1det_121511573#1_0
121511573#2_0,e1det_121511573#2_0
121511573#3_0,e1det_121511573#3_0
121511573#4_0,e1det_121511573#4_0
121511573#5_0,e1det_121511573#5_0
121511573#6_0,e1det_121511573#6_0
121511573#9_0,e1det_121511573#9_0
121657041#2_0,e1det_121657041#2_0
121657041#3_0,e1det_121657041#3_0
121657045#3_0,e1det_121657045#3_0
121657045#5_0,e1det_121657045#5_0
121657045#6_0,e1det_121657045#6_0
121657045#7_0,e1det_121657045#7_0
121657045#8_0,e1det_121657045#8_0
121657045#9_0,e1det_121657045#9_0
121657047#0_0,e1det_121657047#0_0
121657047#1_0,e1det_121657047#1_0
121778742#3_0,e1det_121778742#3_0
121778742#3_1,e1det_121778742#3_1
121778742#3_2,e1det_121778742#3_2
121778742#4_0,e1det_121778742#4_0
121778742#4_1,e1det_121778742#4_1
121778742#4_2,e1det_121778742#4_2
121778743#0_0,e1det_121778743#0_0
121778743#0_1,e1det_121778743#0_1
121778743#0_2,e1det_121778743#0_2
121778769#1_0,e1det_121778769#1_0
121778769#3_0,e1det_121778769#3_0
121781869_0,e1det_121781869_0
121781874_0,e1det_121781874_0
121904216#2_0,e1det_121904216#2_0
121904216#2_1,e1det_121904216#2_1
121980931_0,e1det_121980931_0
121981776#3_0,e1det_121981776#3_0
121981776#4_0,e1det_121981776#4_0
121981776#5_0,e1det_121981776#5_0
121982785#5_0,e1det_121982785#5_0
121982785#6_0,e1det_121982785#6_0
121982785#7_0,e1det_121982785#7_0
121988914_0,e1det_121988914_0
121988929#5_0,e1det_121988929#5_0
121991163_0,e1det_121991163_0
121991164_0,e1det_121991164_0
121991960#5_0,e1det_121991960#5_0
121991960#6_0,e1det_121991960#6_0
121991960#7_0,e1det_121991960#7_0
121991961_0,e1det_121991961_0
122020348#14_0,e1det_122020348#14_0
122100440#1_0,e1det_122100440#1_0
122100440#2_0,e1det_122100440#2_0
122345027#0_0,e1det_122345027#0_0
122345027#3_0,e1det_122345027#3_0
122346047_0,e1det_122346047_0
127485852#3_0,e1det_127485852#3_0
127485852#4_0,e1det_127485852#4_0
127485853#2_0,e1det_127485853#2_0
127485853#4_0,e1det_127485853#4_0
127635192#1_0,e1det_127635192#1_0
127635192#1_1,e1det_127635192#1_1
127635194#1_0,e1det_127635194#1_0
127635194#1_1,e1det_127635194#1_1
127635205_0,e1det_127635205_0
127635208#0_0,e1det_127635208#0_0
127635208#0_1,e1det_127635208#0_1
127635208#1_0,e1det_127635208#1_0
127635208#1_1,e1det_127635208#1_1
127702580_0,e1det_127702580_0
128576354#0_0,e1det_128576354#0_0
128576354#0_1,e1det_128576354#0_1
128576354#1_0,e1det_128576354#1_0
128576354#1_1,e1det_128576354#1_1
128576354#2_0,e1det_128576354#2_0
128576354#2_1,e1det_128576354#2_1
128620742#2_0,e1det_128620742#2_0
128620748#2_0,e1det_128620748#2_0
128620755_0,e1det_128620755_0
128620759_0,e1det_128620759_0
128620760_0,e1det_128620760_0
128620761_0,e1det_128620761_0
128620766_0,e1det_128620766_0
128620767_0,e1det_128620767_0
128620775#1_0,e1det_128620775#1_0
128620775#4_0,e1det_128620775#4_0
128620782#1_0,e1det_128620782#1_0
128620787_0,e1det_128620787_0
128620790#2_0,e1det_128620790#2_0
128620790#5_0,e1det_128620790#5_0
128620791#0_0,e1det_128620791#0_0
128620791#1_0,e1det_128620791#1_0
128620791#2_0,e1det_128620791#2_0
128620791#4_0,e1det_128620791#4_0
128620796#1_0,e1det_128620796#1_0
128620799#0_0,e1det_128620799#0_0
128620799#1_0,e1det_128620799#1_0
128620799#2_0,e1det_128620799#2_0
128620801_0,e1det_128620801_0
128624210#2_0,e1det_128624210#2_0
128624210#2_1,e1det_128624210#2_1
128624210#2_2,e1det_128624210#2_2
128624211#0_0,e1det_128624211#0_0
128624211#2_0,e1det_128624211#2_0
128624218#2_0,e1det_128624218#2_0
128624218#3_0,e1det_128624218#3_0
128624218#4_0,e1det_128624218#4_0
128625055#2_0,e1det_128625055#2_0
128625055#3_0,e1det_128625055#3_0
128625056#2_0,e1det_128625056#2_0
128625056#5_0,e1det_128625056#5_0
128625056#6_0,e1det_128625056#6_0
128686715#4_0,e1det_128686715#4_0
128690876#0_0,e1det_128690876#0_0
128690876#1_0,e1det_128690876#1_0
128690876#2_0,e1det_128690876#2_0
128690876#3_0,e1det_128690876#3_0
128690876#4_0,e1det_128690876#4_0
128690876#5_0,e1det_128690876#5_0
128753724_0,e1det_128753724_0
128753728_0,e1det_128753728_0
128753744_0,e1det_128753744_0
128981920#0_0,e1det_128981920#0_0
136511986#1_0,e1det_136511986#1_0
136511986#3_0,e1det_136511986#3_0
136511986#4_0,e1det_136511986#4_0
136511986#6_0,e1det_136511986#6_0
136511986#7_0,e1det_136511986#7_0
136511990#3_0,e1det_136511990#3_0
136511990#4_0,e1det_136511990#4_0
136511990#5_0,e1det_136511990#5_0
136511992#2_0,e1det_136511992#2_0
136511995#0_0,e1det_136511995#0_0
136511995#1_0,e1det_136511995#1_0
136511995#2_0,e1det_136511995#2_0
136511995#3_0,e1det_136511995#3_0
136511995#4_0,e1det_136511995#4_0
136511995#6_0,e1det_136511995#6_0
136511997#2_0,e1det_136511997#2_0
136511998#2_0,e1det_136511998#2_0
136511998#4_0,e1det_136511998#4_0
136512001#1_0,e1det_136512001#1_0
136512001#4_0,e1det_136512001#4_0
136512002#0_0,e1det_136512002#0_0
136512002#1_0,e1det_136512002#1_0
136512002#2_0,e1det_136512002#2_0
136512002#3_0,e1det_136512002#3_0
136512002#4_0,e1det_136512002#4_0
136512002#6_0,e1det_136512002#6_0
136512002#7_0,e1det_136512002#7_0
136512005#1_0,e1det_136512005#1_0
136512005#2_0,e1det_136512005#2_0
136512005#3_0,e1det_136512005#3_0
136512006#0_0,e1det_136512006#0_0
136512006#2_0,e1det_136512006#2_0
136512006#3_0,e1det_136512006#3_0
136512006#5_0,e1det_136512006#5_0
136512006#8_0,e1det_136512006#8_0
136512006#9_0,e1det_136512006#9_0
136512007#0_0,e1det_136512007#0_0
136512007#10_0,e1det_136512007#10_0
136512007#2_0,e1det_136512007#2_0
136512007#4_0,e1det_136512007#4_0
136512007#5_0,e1det_136512007#5_0
136512007#6_0,e1det_136512007#6_0
136512007#7_0,e1det_136512007#7_0
136512007#9_0,e1det_136512007#9_0
136512009#10_0,e1det_136512009#10_0
136512009#11_0,e1det_136512009#11_0
136512009#12_0,e1det_136512009#12_0
136512009#14_0,e1det_136512009#14_0
136512009#2_0,e1det_136512009#2_0
136512009#3_0,e1det_136512009#3_0
136512009#6_0,e1det_136512009#6_0
136512009#8_0,e1det_136512009#8_0
136512012#2_0,e1det_136512012#2_0
136512013#1_0,e1det_136512013#1_0
136512015#0_0,e1det_136512015#0_0
136512015#2_0,e1det_136512015#2_0
136512015#4_0,e1det_136512015#4_0
136512016#1_0,e1det_136512016#1_0
136512016#2_0,e1det_136512016#2_0
136512017_0,e1det_136512017_0
136512018_0,e1det_136512018_0
136512024#0_0,e1det_136512024#0_0
136512024#1_0,e1det_136512024#1_0
136512025_0,e1det_136512025_0
136512026_0,e1det_136512026_0
136512027_0,e1det_136512027_0
136512028#1_0,e1det_136512028#1_0
136512030#2_0,e1det_136512030#2_0
136512037#2_0,e1det_136512037#2_0
136512038_0,e1det_136512038_0
136512207#1_0,e1det_136512207#1_0
136597116_0,e1det_136597116_0
136597132_0,e1det_136597132_0
136702234_0,e1det_136702234_0
136702236_0,e1det_136702236_0
136702241#0_0,e1det_136702241#0_0
136702242#0_0,e1det_136702242#0_0
136867389#1_0,e1det_136867389#1_0
136867389#1_1,e1det_136867389#1_1
136867395#2_0,e1det_136867395#2_0
136867395#2_1,e1det_136867395#2_1
138684148_0,e1det_138684148_0
138684423#0_0,e1det_138684423#0_0
138684423#0_1,e1det_138684423#0_1
138684423#3_0,e1det_138684423#3_0
138684423#3_1,e1det_138684423#3_1
138684850_0,e1det_138684850_0
138685369_0,e1det_138685369_0
138690677#0_0,e1det_138690677#0_0
138690677#0_1,e1det_138690677#0_1
138690677#1_0,e1det_138690677#1_0
138690677#1_1,e1det_138690677#1_1
138690677#2_0,e1det_138690677#2_0
138690677#2_1,e1det_138690677#2_1
138690698#0_0,e1det_138690698#0_0
138690698#19_0,e1det_138690698#19_0
138690698#1_0,e1det_138690698#1_0
138690698#24_0,e1det_138690698#24_0
138690698#25_0,e1det_138690698#25_0
138690698#2_0,e1det_138690698#2_0
138690698#3_0,e1det_138690698#3_0
138690698#4_0,e1det_138690698#4_0
138690698#5_0,e1det_138690698#5_0
138693083_0,e1det_138693083_0
138693083_1,e1det_138693083_1
138693089_0,e1det_138693089_0
138693091#0_0,e1det_138693091#0_0
138693092_0,e1det_138693092_0
138694664_0,e1det_138694664_0
138694684#0_0,e1det_138694684#0_0
138694684#1_0,e1det_138694684#1_0
138694684#2_0,e1det_138694684#2_0
139542981_0,e1det_139542981_0
139882019#0_0,e1det_139882019#0_0
139882019#0_1,e1det_139882019#0_1
139882019#1_0,e1det_139882019#1_0
139882019#1_1,e1det_139882019#1_1
139882019#2_0,e1det_139882019#2_0
139882019#2_1,e1det_139882019#2_1
139882020#0_0,e1det_139882020#0_0
139882020#2_0,e1det_139882020#2_0
139882023#0_0,e1det_139882023#0_0
139882023#1_0,e1det_139882023#1_0
139882023#2_0,e1det_139882023#2_0
139882023#3_0,e1det_139882023#3_0
139882024#3_0,e1det_139882024#3_0
139882024#4_0,e1det_139882024#4_0
139882024#5_0,e1det_139882024#5_0
142101048#0_0,e1det_142101048#0_0
142101048#0_1,e1det_142101048#0_1
142101048#1_0,e1det_142101048#1_0
142101048#1_1,e1det_142101048#1_1
142101048#5_0,e1det_142101048#5_0
142101048#5_1,e1det_142101048#5_1
142101066#0_0,e1det_142101066#0_0
142101066#1_0,e1det_142101066#1_0
143599422#1_0,e1det_143599422#1_0
143599422#1_1,e1det_143599422#1_1
143599422#1_2,e1det_143599422#1_2
143599453#1_0,e1det_143599453#1_0
143599462#1_0,e1det_143599462#1_0
143599463_0,e1det_143599463_0
143599463_1,e1det_143599463_1
143599465#7_0,e1det_143599465#7_0
143749968#2_0,e1det_143749968#2_0
143749968#2_1,e1det_143749968#2_1
143832409#0_0,e1det_143832409#0_0
143832409#0_1,e1det_143832409#0_1
143832409#1_0,e1det_143832409#1_0
143832409#1_1,e1det_143832409#1_1
143832435_0,e1det_143832435_0
143832435_1,e1det_143832435_1
143832436_0,e1det_143832436_0
143832436_1,e1det_143832436_1
144929507#3_0,e1det_144929507#3_0
144929507#3_1,e1det_144929507#3_1
144929509#1_0,e1det_144929509#1_0
144929509#2_0,e1det_144929509#2_0
144929509#3_0,e1det_144929509#3_0
144929514_0,e1det_144929514_0
144929516_0,e1det_144929516_0
144929519#0_0,e1det_144929519#0_0
144929519#2_0,e1det_144929519#2_0
144929520#0_0,e1det_144929520#0_0
144929520#4_0,e1det_144929520#4_0
144929520#4_1,e1det_144929520#4_1
144929523#3_0,e1det_144929523#3_0
144929524#1_0,e1det_144929524#1_0
144929524#2_0,e1det_144929524#2_0
144929524#3_0,e1det_144929524#3_0
144929524#4_0,e1det_144929524#4_0
145291210#0_0,e1det_145291210#0_0
145291210#1_0,e1det_145291210#1_0
145291212#1_0,e1det_145291212#1_0
145291213#13_0,e1det_145291213#13_0
145291213#15_0,e1det_145291213#15_0
145291213#17_0,e1det_145291213#17_0
145291213#19_0,e1det_145291213#19_0
145291213#1_0,e1det_145291213#1_0
145291213#22_0,e1det_145291213#22_0
145291213#2_0,e1det_145291213#2_0
145291213#3_0,e1det_145291213#3_0
145291213#4_0,e1det_145291213#4_0
145291213#6_0,e1det_145291213#6_0
145291213#7_0,e1det_145291213#7_0
145291213#8_0,e1det_145291213#8_0
145291215#10_0,e1det_145291215#10_0
145291215#14_0,e1det_145291215#14_0
145291215#15_0,e1det_145291215#15_0
145291215#16_0,e1det_145291215#16_0
145291215#17_0,e1det_145291215#17_0
145291215#18_0,e1det_145291215#18_0
145291215#20_0,e1det_145291215#20_0
145291215#21_0,e1det_145291215#21_0
145291215#22_0,e1det_145291215#22_0
145291215#23_0,e1det_145291215#23_0
145291215#2_0,e1det_145291215#2_0
145291215#6_0,e1det_145291215#6_0
145291215#9_0,e1det_145291215#9_0
145291220#2_0,e1det_145291220#2_0
145291249#0_0,e1det_145291249#0_0
145291249#1_0,e1det_145291249#1_0
145291249#2_0,e1det_145291249#2_0
145296839#0_0,e1det_145296839#0_0
145296839#11_0,e1det_145296839#11_0
145296839#12_0,e1det_145296839#12_0
145296839#17_0,e1det_145296839#17_0
145296839#18_0,e1det_145296839#18_0
145296839#19_0,e1det_145296839#19_0
145296839#1_0,e1det_145296839#1_0
145296839#20_0,e1det_145296839#20_0
145296839#2_0,e1det_145296839#2_0
145296839#4_0,e1det_145296839#4_0
145296839#5_0,e1det_145296839#5_0
145296839#6_0,e1det_145296839#6_0
145296839#7_0,e1det_145296839#7_0
145296839#9_0,e1det_145296839#9_0
145296840#0_0,e1det_145296840#0_0
145296840#10_0,e1det_145296840#10_0
145296840#12_0,e1det_145296840#12_0
145296840#14_0,e1det_145296840#14_0
145296840#15_0,e1det_145296840#15_0
145296840#16_0,e1det_145296840#16_0
145296840#17_0,e1det_145296840#17_0
145296840#18_0,e1det_145296840#18_0
145296840#19_0,e1det_145296840#19_0
145296840#1_0,e1det_145296840#1_0
145296840#20_0,e1det_145296840#20_0
145296840#21_0,e1det_145296840#21_0
145296840#2_0,e1det_145296840#2_0
145296840#7_0,e1det_145296840#7_0
146451491#0_0,e1det_146451491#0_0
146451491#5_0,e1det_146451491#5_0
146451491#8_0,e1det_146451491#8_0
146451492#10_0,e1det_146451492#10_0
146451492#11_0,e1det_146451492#11_0
146451492#3_0,e1det_146451492#3_0
146451492#4_0,e1det_146451492#4_0
146451492#6_0,e1det_146451492#6_0
146451493#1_0,e1det_146451493#1_0
146451493#1_1,e1det_146451493#1_1
146452466_0,e1det_146452466_0
146452468_0,e1det_146452468_0
146452468_1,e1det_146452468_1
146747108_0,e1det_146747108_0
146747108_1,e1det_146747108_1
150522812#4_0,e1det_150522812#4_0
150522812#5_0,e1det_150522812#5_0
150522819_0,e1det_150522819_0
150522819_1,e1det_150522819_1
150522819_2,e1det_150522819_2
150608623#0_0,e1det_150608623#0_0
150608623#0_1,e1det_150608623#0_1
150608623#0_2,e1det_150608623#0_2
150608623#1_0,e1det_150608623#1_0
150608623#1_1,e1det_150608623#1_1
150608623#1_2,e1det_150608623#1_2
150608626#5_0,e1det_150608626#5_0
150608626#5_1,e1det_150608626#5_1
150608626#5_2,e1det_150608626#5_2
150608626#5_3,e1det_150608626#5_3
150608626#6_0,e1det_150608626#6_0
150608626#6_1,e1det_150608626#6_1
150608626#6_2,e1det_150608626#6_2
150608626#6_3,e1det_150608626#6_3
152429645#1_0,e1det_152429645#1_0
152429645#2_0,e1det_152429645#2_0
152429648_0,e1det_152429648_0
152429655#2_0,e1det_152429655#2_0
152429655#6_0,e1det_152429655#6_0
152429673#12_0,e1det_152429673#12_0
152586238#0_0,e1det_152586238#0_0
152586239#0_0,e1det_152586239#0_0
152587332#0_0,e1det_152587332#0_0
152587332#2_0,e1det_152587332#2_0
152587332#4_0,e1det_152587332#4_0
152587332#5_0,e1det_152587332#5_0
152587334#0_0,e1det_152587334#0_0
152587347#0_0,e1det_152587347#0_0
152587347#1_0,e1det_152587347#1_0
154526732_0,e1det_154526732_0
154526745#3_0,e1det_154526745#3_0
155167619#1_0,e1det_155167619#1_0
155236367#3_0,e1det_155236367#3_0
155236367#4_0,e1det_155236367#4_0
156346934#6_0,e1det_156346934#6_0
156346934#6_1,e1det_156346934#6_1
156346934#6_2,e1det_156346934#6_2
156346934#7_0,e1det_156346934#7_0
156346934#7_1,e1det_156346934#7_1
156346934#7_2,e1det_156346934#7_2
156346935#0_0,e1det_156346935#0_0
156346935#0_1,e1det_156346935#0_1
156346935#0_2,e1det_156346935#0_2
156469312#0_0,e1det_156469312#0_0
156469312#1_0,e1det_156469312#1_0
156469315#0_0,e1det_156469315#0_0
156469315#2_0,e1det_156469315#2_0
156469315#3_0,e1det_156469315#3_0
156469328_0,e1det_156469328_0
156469331_0,e1det_156469331_0
156469331_1,e1det_156469331_1
156469343_0,e1det_156469343_0
156469344#3_0,e1det_156469344#3_0
156469345#10_0,e1det_156469345#10_0
156469345#2_0,e1det_156469345#2_0
156469345#4_0,e1det_156469345#4_0
156469346#0_0,e1det_156469346#0_0
156469346#2_0,e1det_156469346#2_0
156469346#3_0,e1det_156469346#3_0
156469353#1_0,e1det_156469353#1_0
156469354#1_0,e1det_156469354#1_0
156469354#2_0,e1det_156469354#2_0
156469355_0,e1det_156469355_0
156469356#0_0,e1det_156469356#0_0
156469356#0_1,e1det_156469356#0_1
156469356#3_0,e1det_156469356#3_0
156469356#3_1,e1det_156469356#3_1
156469356#5_0,e1det_156469356#5_0
156469356#5_1,e1det_156469356#5_1
156469356#6_0,e1det_156469356#6_0
156469356#6_1,e1det_156469356#6_1
159019301#2_0,e1det_159019301#2_0
159524559_0,e1det_159524559_0
159524563#0_0,e1det_159524563#0_0
159524563#1_0,e1det_159524563#1_0
159524588#1_0,e1det_159524588#1_0
159524589_0,e1det_159524589_0
159524589_1,e1det_159524589_1
159782793#1_0,e1det_159782793#1_0
159783237_0,e1det_159783237_0
159783239#0_0,e1det_159783239#0_0
159783239#1_0,e1det_159783239#1_0
159783239#2_0,e1det_159783239#2_0
159783239#3_0,e1det_159783239#3_0
159783239#4_0,e1det_159783239#4_0
159783239#5_0,e1det_159783239#5_0
159783338#3_0,e1det_159783338#3_0
159783338#4_0,e1det_159783338#4_0
159783338#5_0,e1det_159783338#5_0
159783338#6_0,e1det_159783338#6_0
159783338#7_0,e1det_159783338#7_0
159783338#8_0,e1det_159783338#8_0
159783524#2_0,e1det_159783524#2_0
159783524#3_0,e1det_159783524#3_0
159783524#4_0,e1det_159783524#4_0
159791616_0,e1det_159791616_0
159791619_0,e1det_159791619_0
159791634#1_0,e1det_159791634#1_0
159791634#2_0,e1det_159791634#2_0
159791634#3_0,e1det_159791634#3_0
159791634#4_0,e1det_159791634#4_0
159791634#5_0,e1det_159791634#5_0
159791637#0_0,e1det_159791637#0_0
159791637#1_0,e1det_159791637#1_0
159791637#2_0,e1det_159791637#2_0
159791637#3_0,e1det_159791637#3_0
159791637#4_0,e1det_159791637#4_0
159791637#5_0,e1det_159791637#5_0
159791637#6_0,e1det_159791637#6_0
159791637#7_0,e1det_159791637#7_0
159791637#8_0,e1det_159791637#8_0
159791640#0_0,e1det_159791640#0_0
159791640#1_0,e1det_159791640#1_0
159791640#2_0,e1det_159791640#2_0
159791640#3_0,e1det_159791640#3_0
159791640#4_0,e1det_159791640#4_0
159791642#0_0,e1det_159791642#0_0
159791642#1_0,e1det_159791642#1_0
159791642#4_0,e1det_159791642#4_0
159794827#0_0,e1det_159794827#0_0
159794827#1_0,e1det_159794827#1_0
159794827#2_0,e1det_159794827#2_0
161287539#3_0,e1det_161287539#3_0
161289126#0_0,e1det_161289126#0_0
161289128_0,e1det_161289128_0
161289132#3_0,e1det_161289132#3_0
161289847#1_0,e1det_161289847#1_0
161289847#2_0,e1det_161289847#2_0
161289848#0_0,e1det_161289848#0_0
161289850_0,e1det_161289850_0
161289852_0,e1det_161289852_0
161296912#10_0,e1det_161296912#10_0
161296912#11_0,e1det_161296912#11_0
161296912#12_0,e1det_161296912#12_0
161296912#13_0,e1det_161296912#13_0
161296912#14_0,e1det_161296912#14_0
161296912#7_0,e1det_161296912#7_0
161296912#8_0,e1det_161296912#8_0
161296912#9_0,e1det_161296912#9_0
161296915#10_0,e1det_161296915#10_0
161296915#12_0,e1det_161296915#12_0
161296915#13_0,e1det_161296915#13_0
161296915#14_0,e1det_161296915#14_0
161296915#15_0,e1det_161296915#15_0
161296915#16_0,e1det_161296915#16_0
161296915#17_0,e1det_161296915#17_0
161296915#18_0,e1det_161296915#18_0
161296915#1_0,e1det_161296915#1_0
161296915#2_0,e1det_161296915#2_0
161296915#3_0,e1det_161296915#3_0
161296915#4_0,e1det_161296915#4_0
161296915#5_0,e1det_161296915#5_0
161296915#9_0,e1det_161296915#9_0
161296916#0_0,e1det_161296916#0_0
161296916#11_0,e1det_161296916#11_0
161296916#16_0,e1det_161296916#16_0
161296916#17_0,e1det_161296916#17_0
161296916#18_0,e1det_161296916#18_0
161296916#19_0,e1det_161296916#19_0
161296916#1_0,e1det_161296916#1_0
161296916#20_0,e1det_161296916#20_0
161296916#22_0,e1det_161296916#22_0
161296916#2_0,e1det_161296916#2_0
161296916#3_0,e1det_161296916#3_0
161296916#4_0,e1det_161296916#4_0
161296916#5_0,e1det_161296916#5_0
161296916#7_0,e1det_161296916#7_0
161296916#8_0,e1det_161296916#8_0
161296937#0_0,e1det_161296937#0_0
161296937#1_0,e1det_161296937#1_0
161296939#6_0,e1det_161296939#6_0
161296941#2_0,e1det_161296941#2_0
161296942#5_0,e1det_161296942#5_0
161296943#0_0,e1det_161296943#0_0
161296948#1_0,e1det_161296948#1_0
161296948#2_0,e1det_161296948#2_0
161296948#3_0,e1det_161296948#3_0
161296948#4_0,e1det_161296948#4_0
161296948#6_0,e1det_161296948#6_0
161296948#8_0,e1det_161296948#8_0
161298699#0_0,e1det_161298699#0_0
161298701#10_0,e1det_161298701#10_0
161298701#11_0,e1det_161298701#11_0
161298701#12_0,e1det_161298701#12_0
161298701#13_0,e1det_161298701#13_0
161298701#14_0,e1det_161298701#14_0
161298701#15_0,e1det_161298701#15_0
161298701#16_0,e1det_161298701#16_0
161298701#17_0,e1det_161298701#17_0
161298701#9_0,e1det_161298701#9_0
161298709#2_0,e1det_161298709#2_0
161299747#1_0,e1det_161299747#1_0
161299747#2_0,e1det_161299747#2_0
161299751#0_0,e1det_161299751#0_0
161299751#0_1,e1det_161299751#0_1
161299751#1_0,e1det_161299751#1_0
161299751#1_1,e1det_161299751#1_1
161355922#1_0,e1det_161355922#1_0
161355922#1_1,e1det_161355922#1_1
161355924#1_0,e1det_161355924#1_0
161355924#1_1,e1det_161355924#1_1
161355925#0_0,e1det_161355925#0_0
161355929#1_0,e1det_161355929#1_0
161355929#1_1,e1det_161355929#1_1
161355930#1_0,e1det_161355930#1_0
161355930#3_0,e1det_161355930#3_0
161355940#0_0,e1det_161355940#0_0
161355941#2_0,e1det_161355941#2_0
161355941#3_0,e1det_161355941#3_0
161355942#1_0,e1det_161355942#1_0
161355942#1_1,e1det_161355942#1_1
161355964#11_0,e1det_161355964#11_0
161355964#14_0,e1det_161355964#14_0
161355964#1_0,e1det_161355964#1_0
161355964#2_0,e1det_161355964#2_0
161355964#4_0,e1det_161355964#4_0
161355964#5_0,e1det_161355964#5_0
161355964#8_0,e1det_161355964#8_0
161355964#9_0,e1det_161355964#9_0
161355985#1_0,e1det_161355985#1_0
161355985#2_0,e1det_161355985#2_0
161357280#0_0,e1det_161357280#0_0
161357280#1_0,e1det_161357280#1_0
161453469_0,e1det_161453469_0
161455967#8_0,e1det_161455967#8_0
161455967#9_0,e1det_161455967#9_0
161455969#2_0,e1det_161455969#2_0
161455969#3_0,e1det_161455969#3_0
161455969#4_0,e1det_161455969#4_0
161455969#5_0,e1det_161455969#5_0
161455970#13_0,e1det_161455970#13_0
161455973#4_0,e1det_161455973#4_0
161455975#10_0,e1det_161455975#10_0
161455975#11_0,e1det_161455975#11_0
161455975#3_0,e1det_161455975#3_0
161455975#4_0,e1det_161455975#4_0
161455975#5_0,e1det_161455975#5_0
161455975#6_0,e1det_161455975#6_0
161455975#7_0,e1det_161455975#7_0
161455975#8_0,e1det_161455975#8_0
161455975#9_0,e1det_161455975#9_0
161460521#0_0,e1det_161460521#0_0
161460521#1_0,e1det_161460521#1_0
161460524#0_0,e1det_161460524#0_0
161460524#1_0,e1det_161460524#1_0
161460524#3_0,e1det_161460524#3_0
161460524#4_0,e1det_161460524#4_0
161460524#5_0,e1det_161460524#5_0
161460524#6_0,e1det_161460524#6_0
161460524#7_0,e1det_161460524#7_0
161460526#4_0,e1det_161460526#4_0
161460526#5_0,e1det_161460526#5_0
161460526#6_0,e1det_161460526#6_0
161460526#7_0,e1det_161460526#7_0
161460528#2_0,e1det_161460528#2_0
161460528#5_0,e1det_161460528#5_0
161463731#0_0,e1det_161463731#0_0
161463731#1_0,e1det_161463731#1_0
161463731#2_0,e1det_161463731#2_0
161463731#3_0,e1det_161463731#3_0
161463731#4_0,e1det_161463731#4_0
161463731#5_0,e1det_161463731#5_0
161463731#6_0,e1det_161463731#6_0
161463732#1_0,e1det_161463732#1_0
161463732#4_0,e1det_161463732#4_0
161463732#5_0,e1det_161463732#5_0
161463732#7_0,e1det_161463732#7_0
161463744#10_0,e1det_161463744#10_0
161463744#11_0,e1det_161463744#11_0
161463744#12_0,e1det_161463744#12_0
161463744#3_0,e1det_161463744#3_0
161463744#4_0,e1det_161463744#4_0
161463744#5_0,e1det_161463744#5_0
161463744#6_0,e1det_161463744#6_0
161463744#7_0,e1det_161463744#7_0
161463744#9_0,e1det_161463744#9_0
161463751#0_0,e1det_161463751#0_0
161463752#0_0,e1det_161463752#0_0
161463752#1_0,e1det_161463752#1_0
161463757#1_0,e1det_161463757#1_0
161463757#2_0,e1det_161463757#2_0
161463757#4_0,e1det_161463757#4_0
161463758#0_0,e1det_161463758#0_0
161463758#2_0,e1det_161463758#2_0
161463760#1_0,e1det_161463760#1_0
161463760#2_0,e1det_161463760#2_0
161463760#4_0,e1det_161463760#4_0
161463761#0_0,e1det_161463761#0_0
161463761#2_0,e1det_161463761#2_0
161463763#0_0,e1det_161463763#0_0
161463763#1_0,e1det_161463763#1_0
161463763#2_0,e1det_161463763#2_0
161463763#3_0,e1det_161463763#3_0
161463763#4_0,e1det_161463763#4_0
161463763#5_0,e1det_161463763#5_0
161463763#6_0,e1det_161463763#6_0
161463766#4_0,e1det_161463766#4_0
161463767#2_0,e1det_161463767#2_0
161463767#5_0,e1det_161463767#5_0
161463767#8_0,e1det_161463767#8_0
161463768#1_0,e1det_161463768#1_0
161463768#4_0,e1det_161463768#4_0
161463768#7_0,e1det_161463768#7_0
161463768#9_0,e1det_161463768#9_0
161463769#1_0,e1det_161463769#1_0
161463770#1_0,e1det_161463770#1_0
161463772#4_0,e1det_161463772#4_0
161463773#1_0,e1det_161463773#1_0
161466905#0_0,e1det_161466905#0_0
161466905#1_0,e1det_161466905#1_0
161466905#2_0,e1det_161466905#2_0
161466905#3_0,e1det_161466905#3_0
161466905#4_0,e1det_161466905#4_0
161466906#0_0,e1det_161466906#0_0
161466906#1_0,e1det_161466906#1_0
161466910#1_0,e1det_161466910#1_0
161466910#3_0,e1det_161466910#3_0
161466911#17_0,e1det_161466911#17_0
161466911#17_1,e1det_161466911#17_1
161466911#17_2,e1det_161466911#17_2
161466911#18_0,e1det_161466911#18_0
161466911#18_1,e1det_161466911#18_1
161466911#18_2,e1det_161466911#18_2
161466911#1_0,e1det_161466911#1_0
161466911#1_1,e1det_161466911#1_1
161466911#1_2,e1det_161466911#1_2
161466911#5_0,e1det_161466911#5_0
161466911#5_1,e1det_161466911#5_1
161466911#5_2,e1det_161466911#5_2
161466915#3_0,e1det_161466915#3_0
161466927_0,e1det_161466927_0
162546311_0,e1det_162546311_0
162546312#0_0,e1det_162546312#0_0
162546312#0_1,e1det_162546312#0_1
162546312#0_2,e1det_162546312#0_2
162546312#1_0,e1det_162546312#1_0
162546312#1_1,e1det_162546312#1_1
162546312#1_2,e1det_162546312#1_2
162546312#2_0,e1det_162546312#2_0
162546312#2_1,e1det_162546312#2_1
162546312#2_2,e1det_162546312#2_2
162546312#7_0,e1det_162546312#7_0
162546312#7_1,e1det_162546312#7_1
162546312#7_2,e1det_162546312#7_2
162546313_0,e1det_162546313_0
162546313_1,e1det_162546313_1
162546314_0,e1det_162546314_0
162546316#5_0,e1det_162546316#5_0
162546316#9_0,e1det_162546316#9_0
162970619#0_0,e1det_162970619#0_0
162970619#0_1,e1det_162970619#0_1
162970619#2_0,e1det_162970619#2_0
162970619#2_1,e1det_162970619#2_1
162970619#5_0,e1det_162970619#5_0
162970619#5_1,e1det_162970619#5_1
162970620#0_0,e1det_162970620#0_0
162970620#0_1,e1det_162970620#0_1
162970620#2_0,e1det_162970620#2_0
162970620#2_1,e1det_162970620#2_1
162970620#4_0,e1det_162970620#4_0
162970620#4_1,e1det_162970620#4_1
162970622#0_0,e1det_162970622#0_0
162970622#0_1,e1det_162970622#0_1
162970622#1_0,e1det_162970622#1_0
162970622#1_1,e1det_162970622#1_1
162970623#0_0,e1det_162970623#0_0
162970623#0_1,e1det_162970623#0_1
162970623#1_0,e1det_162970623#1_0
162970623#1_1,e1det_162970623#1_1
162970623#2_0,e1det_162970623#2_0
162970623#2_1,e1det_162970623#2_1
162970626_0,e1det_162970626_0
162970626_1,e1det_162970626_1
162970633_0,e1det_162970633_0
162970633_1,e1det_162970633_1
162970639#0_0,e1det_162970639#0_0
162970643#1_0,e1det_162970643#1_0
162970645#4_0,e1det_162970645#4_0
162970648#1_0,e1det_162970648#1_0
162970649#0_0,e1det_162970649#0_0
163056989#0_0,e1det_163056989#0_0
163056991#0_0,e1det_163056991#0_0
163056993#1_0,e1det_163056993#1_0
163056993#1_1,e1det_163056993#1_1
163057021#3_0,e1det_163057021#3_0
163057022#0_0,e1det_163057022#0_0
163057022#1_0,e1det_163057022#1_0
163057023#1_0,e1det_163057023#1_0
163057023#2_0,e1det_163057023#2_0
163057023#3_0,e1det_163057023#3_0
163057032#4_0,e1det_163057032#4_0
163057032#4_1,e1det_163057032#4_1
163057033#0_0,e1det_163057033#0_0
163057033#10_0,e1det_163057033#10_0
163057033#11_0,e1det_163057033#11_0
163822320#0_0,e1det_163822320#0_0
163822320#0_1,e1det_163822320#0_1
163822320#1_0,e1det_163822320#1_0
163822320#1_1,e1det_163822320#1_1
163822326#0_0,e1det_163822326#0_0
163822326#13_0,e1det_163822326#13_0
163822326#4_0,e1det_163822326#4_0
163822326#5_0,e1det_163822326#5_0
163822326#6_0,e1det_163822326#6_0
163822326#7_0,e1det_163822326#7_0
163822326#8_0,e1det_163822326#8_0
163822326#9_0,e1det_163822326#9_0
163822328#0_0,e1det_163822328#0_0
163823781#0_0,e1det_163823781#0_0
163823781#1_0,e1det_163823781#1_0
163823781#2_0,e1det_163823781#2_0
163823781#5_0,e1det_163823781#5_0
163823781#7_0,e1det_163823781#7_0
163825161#3_0,e1det_163825161#3_0
163825161#4_0,e1det_163825161#4_0
163825162#0_0,e1det_163825162#0_0
163825162#1_0,e1det_163825162#1_0
163825162#2_0,e1det_163825162#2_0
163825162#4_0,e1det_163825162#4_0
163825162#6_0,e1det_163825162#6_0
163825162#7_0,e1det_163825162#7_0
163825696#0_0,e1det_163825696#0_0
163825696#0_1,e1det_163825696#0_1
163825697#0_0,e1det_163825697#0_0
163825697#1_0,e1det_163825697#1_0
163825698_0,e1det_163825698_0
163825700#1_0,e1det_163825700#1_0
163825700#2_0,e1det_163825700#2_0
163825700#4_0,e1det_163825700#4_0
163825700#5_0,e1det_163825700#5_0
163825700#6_0,e1det_163825700#6_0
163825700#7_0,e1det_163825700#7_0
163825700#8_0,e1det_163825700#8_0
163825700#9_0,e1det_163825700#9_0
163825702_0,e1det_163825702_0
163825703_0,e1det_163825703_0
163825704#1_0,e1det_163825704#1_0
163825704#2_0,e1det_163825704#2_0
163826846_0,e1det_163826846_0
163826846_1,e1det_163826846_1
163923659_0,e1det_163923659_0
163923659_1,e1det_163923659_1
164439283#2_0,e1det_164439283#2_0
164439283#3_0,e1det_164439283#3_0
164439290#0_0,e1det_164439290#0_0
164439290#1_0,e1det_164439290#1_0
164599645#0_0,e1det_164599645#0_0
164599645#5_0,e1det_164599645#5_0
164599646#5_0,e1det_164599646#5_0
164601684_0,e1det_164601684_0
164601685_0,e1det_164601685_0
164601693_0,e1det_164601693_0
164601694#0_0,e1det_164601694#0_0
164895134#1_0,e1det_164895134#1_0
164895138_0,e1det_164895138_0
164895150_0,e1det_164895150_0
164895156_0,e1det_164895156_0
164895158_0,e1det_164895158_0
164899627_0,e1det_164899627_0
164899648#2_0,e1det_164899648#2_0
164899650#0-AddedOffRampEdge_0,e1det_164899650#0-AddedOffRampEdge_0
164899650#0-AddedOffRampEdge_1,e1det_164899650#0-AddedOffRampEdge_1
164899650#5_0,e1det_164899650#5_0
164899658_0,e1det_164899658_0
164899661#2_0,e1det_164899661#2_0
164899661#2_1,e1det_164899661#2_1
164919782_0,e1det_164919782_0
165169791#1_0,e1det_165169791#1_0
165174632#0_0,e1det_165174632#0_0
165174632#1_0,e1det_165174632#1_0
165174632#3_0,e1det_165174632#3_0
165174635#1_0,e1det_165174635#1_0
165174635#1_1,e1det_165174635#1_1
165174636#0_0,e1det_165174636#0_0
165628685_0,e1det_165628685_0
165628703_0,e1det_165628703_0
165628793#1_0,e1det_165628793#1_0
165628793#3_0,e1det_165628793#3_0
165628802#1_0,e1det_165628802#1_0
165628814#1_0,e1det_165628814#1_0
165628815#0_0,e1det_165628815#0_0
165628815#6_0,e1det_165628815#6_0
165628815#8_0,e1det_165628815#8_0
165628816_0,e1det_165628816_0
165628843#0_0,e1det_165628843#0_0
165628843#2_0,e1det_165628843#2_0
165628843#3_0,e1det_165628843#3_0
165628850#0_0,e1det_165628850#0_0
165628850#1_0,e1det_165628850#1_0
165762555#1_0,e1det_165762555#1_0
165762555#2_0,e1det_165762555#2_0
166497643#11_0,e1det_166497643#11_0
166497643#12_0,e1det_166497643#12_0
166497643#14_0,e1det_166497643#14_0
166497643#15_0,e1det_166497643#15_0
166497643#1_0,e1det_166497643#1_0
166497643#2_0,e1det_166497643#2_0
166497643#3_0,e1det_166497643#3_0
166497643#4_0,e1det_166497643#4_0
166497643#6_0,e1det_166497643#6_0
166497643#8_0,e1det_166497643#8_0
166497643#9_0,e1det_166497643#9_0
166498180#0_0,e1det_166498180#0_0
166498180#10_0,e1det_166498180#10_0
166498180#3_0,e1det_166498180#3_0
166498180#4_0,e1det_166498180#4_0
166498180#6_0,e1det_166498180#6_0
167648259#5_0,e1det_167648259#5_0
167648259#5_1,e1det_167648259#5_1
167651454#0_0,e1det_167651454#0_0
167651454#0_1,e1det_167651454#0_1
167659656#4_0,e1det_167659656#4_0
167659656#5_0,e1det_167659656#5_0
169107083#1_0,e1det_169107083#1_0
169350172#0_0,e1det_169350172#0_0
169352437#1_0,e1det_169352437#1_0
169352437#1_1,e1det_169352437#1_1
169352437#2_0,e1det_169352437#2_0
169352437#2_1,e1det_169352437#2_1
169352437#3_0,e1det_169352437#3_0
169352437#3_1,e1det_169352437#3_1
169352437#4_0,e1det_169352437#4_0
169352437#4_1,e1det_169352437#4_1
169352442#3_0,e1det_169352442#3_0
170244828_0,e1det_170244828_0
170473547#0_0,e1det_170473547#0_0
170473547#0_1,e1det_170473547#0_1
170473547#1_0,e1det_170473547#1_0
170473547#1_1,e1det_170473547#1_1
170473555_0,e1det_170473555_0
170473555_1,e1det_170473555_1
170473556_0,e1det_170473556_0
170473556_1,e1det_170473556_1
170478068#0_0,e1det_170478068#0_0
170613299#0_0,e1det_170613299#0_0
170613299#1_0,e1det_170613299#1_0
170613299#2_0,e1det_170613299#2_0
170613299#3_0,e1det_170613299#3_0
171981508#3_0,e1det_171981508#3_0
171981508#4_0,e1det_171981508#4_0
171981510#2_0,e1det_171981510#2_0
171981510#3_0,e1det_171981510#3_0
171983188#0_0,e1det_171983188#0_0
171983189#0_0,e1det_171983189#0_0
171983189#1_0,e1det_171983189#1_0
171983190_0,e1det_171983190_0
172179666#0_0,e1det_172179666#0_0
172179666#1_0,e1det_172179666#1_0
172179666#4_0,e1det_172179666#4_0
172179667#1_0,e1det_172179667#1_0
172179671#0_0,e1det_172179671#0_0
172179671#1_0,e1det_172179671#1_0
172180975#0_0,e1det_172180975#0_0
172180975#3_0,e1det_172180975#3_0
172180975#4_0,e1det_172180975#4_0
173342300_0,e1det_173342300_0
173346288_0,e1det_173346288_0
174144370#11_0,e1det_174144370#11_0
174144370#4_0,e1det_174144370#4_0
174144370#5_0,e1det_174144370#5_0
174144370#7_0,e1det_174144370#7_0
174144372#1-AddedOffRampEdge_0,e1det_174144372#1-AddedOffRampEdge_0
174144372#1-AddedOffRampEdge_1,e1det_174144372#1-AddedOffRampEdge_1
174144375#1_0,e1det_174144375#1_0
174144375#2_0,e1det_174144375#2_0
174144376_0,e1det_174144376_0
174144378#0_0,e1det_174144378#0_0
174144378#3_0,e1det_174144378#3_0
174144379_0,e1det_174144379_0
174646963#0_0,e1det_174646963#0_0
174646963#0_1,e1det_174646963#0_1
174646963#1_0,e1det_174646963#1_0
174646963#1_1,e1det_174646963#1_1
174646986_0,e1det_174646986_0
174646990#0_0,e1det_174646990#0_0
174787774#0_0,e1det_174787774#0_0
174787774#1_0,e1det_174787774#1_0
174787774#3_0,e1det_174787774#3_0
174787777#1_0,e1det_174787777#1_0
174787777#2_0,e1det_174787777#2_0
174787777#3_0,e1det_174787777#3_0
174787782#0_0,e1det_174787782#0_0
174787782#1_0,e1det_174787782#1_0
174787782#2_0,e1det_174787782#2_0
174787782#3_0,e1det_174787782#3_0
174787784#3_0,e1det_174787784#3_0
174787784#3_1,e1det_174787784#3_1
174787784#3_2,e1det_174787784#3_2
174787784#4_0,e1det_174787784#4_0
174787784#4_1,e1det_174787784#4_1
174787784#4_2,e1det_174787784#4_2
174787784#5_0,e1det_174787784#5_0
174787784#5_1,e1det_174787784#5_1
174787784#5_2,e1det_174787784#5_2
174787790#0_0,e1det_174787790#0_0
174787790#1_0,e1det_174787790#1_0
174799510#0_0,e1det_174799510#0_0
174799512#1_0,e1det_174799512#1_0
174927501#1_0,e1det_174927501#1_0
174929786#1_0,e1det_174929786#1_0
174930878_0,e1det_174930878_0
174930880#11_0,e1det_174930880#11_0
174930880#5_0,e1det_174930880#5_0
174933445#10_0,e1det_174933445#10_0
174933445#13_0,e1det_174933445#13_0
174933445#1_0,e1det_174933445#1_0
174933445#2_0,e1det_174933445#2_0
174933445#4_0,e1det_174933445#4_0
174933445#6_0,e1det_174933445#6_0
174933445#8_0,e1det_174933445#8_0
174933445#9_0,e1det_174933445#9_0
175210669#0_0,e1det_175210669#0_0
175210669#1_0,e1det_175210669#1_0
175210669#2_0,e1det_175210669#2_0
175210669#3_0,e1det_175210669#3_0
175210669#4_0,e1det_175210669#4_0
175210671#0_0,e1det_175210671#0_0
175210671#1_0,e1det_175210671#1_0
175210672#0_0,e1det_175210672#0_0
175210675#0_0,e1det_175210675#0_0
175210675#1_0,e1det_175210675#1_0
175210678#0_0,e1det_175210678#0_0
175210678#1_0,e1det_175210678#1_0
175210678#8_0,e1det_175210678#8_0
175210679_0,e1det_175210679_0
175210684_0,e1det_175210684_0
175210686_0,e1det_175210686_0
175210688_0,e1det_175210688_0
175210689_0,e1det_175210689_0
175210690_0,e1det_175210690_0
175210693#0_0,e1det_175210693#0_0
175210693#12_0,e1det_175210693#12_0
175210693#13_0,e1det_175210693#13_0
175210693#14_0,e1det_175210693#14_0
175210693#1_0,e1det_175210693#1_0
175210693#20_0,e1det_175210693#20_0
175210693#21_0,e1det_175210693#21_0
175210693#6_0,e1det_175210693#6_0
175210693#7_0,e1det_175210693#7_0
175210694#0_0,e1det_175210694#0_0
175210694#1_0,e1det_175210694#1_0
175210695#0_0,e1det_175210695#0_0
175210695#1_0,e1det_175210695#1_0
175210695#4_0,e1det_175210695#4_0
175210696#0_0,e1det_175210696#0_0
175210696#1_0,e1det_175210696#1_0
175210696#2_0,e1det_175210696#2_0
175210696#6_0,e1det_175210696#6_0
175210696#7_0,e1det_175210696#7_0
175210696#8_0,e1det_175210696#8_0
175210703#1_0,e1det_175210703#1_0
175210703#2_0,e1det_175210703#2_0
175210705#0_0,e1det_175210705#0_0
175210707#0_0,e1det_175210707#0_0
175210710#2_0,e1det_175210710#2_0
175210710#3_0,e1det_175210710#3_0
176576448#7_0,e1det_176576448#7_0
176576448#8_0,e1det_176576448#8_0
177353848_0,e1det_177353848_0
177353848_1,e1det_177353848_1
177353851#9_0,e1det_177353851#9_0
177353854#0_0,e1det_177353854#0_0
177353854#0_1,e1det_177353854#0_1
177353854#1_0,e1det_177353854#1_0
177353854#1_1,e1det_177353854#1_1
177353854#2_0,e1det_177353854#2_0
177353854#2_1,e1det_177353854#2_1
177353857#0_0,e1det_177353857#0_0
177353857#1_0,e1det_177353857#1_0
177353857#2_0,e1det_177353857#2_0
177353860#1_0,e1det_177353860#1_0
177353870#3_0,e1det_177353870#3_0
178363614#0_0,e1det_178363614#0_0
178363614#0_1,e1det_178363614#0_1
178363614#0_2,e1det_178363614#0_2
178363614#0_3,e1det_178363614#0_3
178363614#0_4,e1det_178363614#0_4
178363614#1_0,e1det_178363614#1_0
178363614#1_1,e1det_178363614#1_1
178363614#1_2,e1det_178363614#1_2
178363614#1_3,e1det_178363614#1_3
178363614#1_4,e1det_178363614#1_4
178363614#4_0,e1det_178363614#4_0
178363614#4_1,e1det_178363614#4_1
178363614#4_4,e1det_178363614#4_4
178363625_0,e1det_178363625_0
181977924#0_0,e1det_181977924#0_0
181977924#3_0,e1det_181977924#3_0
181978428_0,e1det_181978428_0
182042894_0,e1det_182042894_0
182044603_0,e1det_182044603_0
182044606#1_0,e1det_182044606#1_0
182047057#0_0,e1det_182047057#0_0
182047059#3_0,e1det_182047059#3_0
189632272#2_0,e1det_189632272#2_0
189799117_0,e1det_189799117_0
191049912_0,e1det_191049912_0
191049913#0_0,e1det_191049913#0_0
191049913#2_0,e1det_191049913#2_0
191049913#3_0,e1det_191049913#3_0
191049913#4_0,e1det_191049913#4_0
191050695#1_0,e1det_191050695#1_0
191050695#3_0,e1det_191050695#3_0
191050695#5_0,e1det_191050695#5_0
191050695#6_0,e1det_191050695#6_0
191050695#8_0,e1det_191050695#8_0
191050695#9_0,e1det_191050695#9_0
191050697#12_0,e1det_191050697#12_0
193107918_0,e1det_193107918_0
193107920#2_0,e1det_193107920#2_0
193107920#2_1,e1det_193107920#2_1
193136069_0,e1det_193136069_0
193139919#1_0,e1det_193139919#1_0
193139919#1_1,e1det_193139919#1_1
193139920#1_0,e1det_193139920#1_0
194922777#0_0,e1det_194922777#0_0
194922777#1_0,e1det_194922777#1_0
194922778#0_0,e1det_194922778#0_0
194922778#1_0,e1det_194922778#1_0
194922778#3_0,e1det_194922778#3_0
194922778#4_0,e1det_194922778#4_0
194922778#7_0,e1det_194922778#7_0
194922778#9_0,e1det_194922778#9_0
194922782#1_0,e1det_194922782#1_0
194922783#1_0,e1det_194922783#1_0
194922783#4_0,e1det_194922783#4_0
194922783#6_0,e1det_194922783#6_0
194922783#7_0,e1det_194922783#7_0
194922783#8_0,e1det_194922783#8_0
194922784#0_0,e1det_194922784#0_0
194922784#1_0,e1det_194922784#1_0
194922784#4_0,e1det_194922784#4_0
194922784#5_0,e1det_194922784#5_0
200978004#2_0,e1det_200978004#2_0
201293013#1_0,e1det_201293013#1_0
21654620_0,e1det_21654620_0
217106658#0_0,e1det_217106658#0_0
217106658#5_0,e1det_217106658#5_0
217106666#0_0,e1det_217106666#0_0
217106666#1_0,e1det_217106666#1_0
217106666#4_0,e1det_217106666#4_0
217106666#7_0,e1det_217106666#7_0
217106666#8_0,e1det_217106666#8_0
217106668#0_0,e1det_217106668#0_0
217106668#1_0,e1det_217106668#1_0
217991113#2_0,e1det_217991113#2_0
217991113#3_0,e1det_217991113#3_0
217992201_0,e1det_217992201_0
219330749#3_0,e1det_219330749#3_0
219330749#3_1,e1det_219330749#3_1
219330752_0,e1det_219330752_0
219330753#1_0,e1det_219330753#1_0
219330754#0_0,e1det_219330754#0_0
219332879_0,e1det_219332879_0
219332883_0,e1det_219332883_0
219332889_0,e1det_219332889_0
219332912#0_0,e1det_219332912#0_0
219332912#1_0,e1det_219332912#1_0
219332912#4_0,e1det_219332912#4_0
219333378_0,e1det_219333378_0
219487086#4_0,e1det_219487086#4_0
219487086#4_1,e1det_219487086#4_1
220917827#4_0,e1det_220917827#4_0
220918379#3_0,e1det_220918379#3_0
220918380#0_0,e1det_220918380#0_0
226703690_0,e1det_226703690_0
227131351#0_0,e1det_227131351#0_0
227131351#1_0,e1det_227131351#1_0
227131351#2_0,e1det_227131351#2_0
227131352#11_0,e1det_227131352#11_0
227131352#12_0,e1det_227131352#12_0
227131352#1_0,e1det_227131352#1_0
227131352#2_0,e1det_227131352#2_0
227131352#4_0,e1det_227131352#4_0
227131352#5_0,e1det_227131352#5_0
227131352#6_0,e1det_227131352#6_0
227131352#7_0,e1det_227131352#7_0
227131352#8_0,e1det_227131352#8_0
227131352#9_0,e1det_227131352#9_0
227131357#10_0,e1det_227131357#10_0
227131357#3_0,e1det_227131357#3_0
227131357#4_0,e1det_227131357#4_0
227131357#6_0,e1det_227131357#6_0
227131357#7_0,e1det_227131357#7_0
227131357#8_0,e1det_227131357#8_0
227131357#9_0,e1det_227131357#9_0
227131362_0,e1det_227131362_0
227131366#0_0,e1det_227131366#0_0
227131927#1_0,e1det_227131927#1_0
227131927#2_0,e1det_227131927#2_0
227131928#3_0,e1det_227131928#3_0
227131928#4_0,e1det_227131928#4_0
227131928#5_0,e1det_227131928#5_0
227131929#0_0,e1det_227131929#0_0
227131929#2_0,e1det_227131929#2_0
227131929#3_0,e1det_227131929#3_0
227131930_0,e1det_227131930_0
227131933#1_0,e1det_227131933#1_0
227135615#1_0,e1det_227135615#1_0
227135615#2_0,e1det_227135615#2_0
227135616#0_0,e1det_227135616#0_0
227135617#1_0,e1det_227135617#1_0
227135617#1_1,e1det_227135617#1_1
227135617#2_0,e1det_227135617#2_0
227135617#3_0,e1det_227135617#3_0
227135621#0_0,e1det_227135621#0_0
227135621#1_0,e1det_227135621#1_0
227135621#2_0,e1det_227135621#2_0
227135623#0_0,e1det_227135623#0_0
227135623#1_0,e1det_227135623#1_0
227139176#1_0,e1det_227139176#1_0
22759931_0,e1det_22759931_0
22759944_0,e1det_22759944_0
227668227#11_0,e1det_227668227#11_0
227668229#2_0,e1det_227668229#2_0
227668230#1_0,e1det_227668230#1_0
227668231#0_0,e1det_227668231#0_0
227668231#2_0,e1det_227668231#2_0
227668233#2_0,e1det_227668233#2_0
227668233#3_0,e1det_227668233#3_0
227668234#1_0,e1det_227668234#1_0
227669820#0_0,e1det_227669820#0_0
227704462_0,e1det_227704462_0
22799948_0,e1det_22799948_0
22799950#3_0,e1det_22799950#3_0
22799950#5_0,e1det_22799950#5_0
22799962#0_0,e1det_22799962#0_0
229610044#1_0,e1det_229610044#1_0
229696346#1_0,e1det_229696346#1_0
229699730_0,e1det_229699730_0
232721651_0,e1det_232721651_0
233756369#0_0,e1det_233756369#0_0
233756369#0_1,e1det_233756369#0_1
233756369#0_2,e1det_233756369#0_2
233756369#1_0,e1det_233756369#1_0
233756369#1_1,e1det_233756369#1_1
233756369#1_2,e1det_233756369#1_2
233756369#3_0,e1det_233756369#3_0
233756369#3_1,e1det_233756369#3_1
233756369#3_2,e1det_233756369#3_2
23426804#0_0,e1det_23426804#0_0
23426804#1_0,e1det_23426804#1_0
234435454#2_0,e1det_234435454#2_0
234435454#2_1,e1det_234435454#2_1
234442009_0,e1det_234442009_0
234442025#0_0,e1det_234442025#0_0
234442025#1_0,e1det_234442025#1_0
234442032_0,e1det_234442032_0
234442035#2_0,e1det_234442035#2_0
235466190#0_0,e1det_235466190#0_0
235466190#0_1,e1det_235466190#0_1
236198636#0_0,e1det_236198636#0_0
236198636#2_0,e1det_236198636#2_0
236198639#0_0,e1det_236198639#0_0
236198639#1_0,e1det_236198639#1_0
236198639#2_0,e1det_236198639#2_0
236198639#3_0,e1det_236198639#3_0
236198639#6_0,e1det_236198639#6_0
236198639#8_0,e1det_236198639#8_0
237011435#4_0,e1det_237011435#4_0
237011435#4_1,e1det_237011435#4_1
237011435#4_2,e1det_237011435#4_2
237011436_0,e1det_237011436_0
237011436_1,e1det_237011436_1
237011440#0_0,e1det_237011440#0_0
237011441#1_0,e1det_237011441#1_0
237011443#1_0,e1det_237011443#1_0
237011443#1_1,e1det_237011443#1_1
237581600#0_0,e1det_237581600#0_0
237581600#1_0,e1det_237581600#1_0
237581600#2_0,e1det_237581600#2_0
237581600#3_0,e1det_237581600#3_0
237581600#4_0,e1det_237581600#4_0
237581600#5_0,e1det_237581600#5_0
237581600#6_0,e1det_237581600#6_0
237581600#7_0,e1det_237581600#7_0
237581600#8_0,e1det_237581600#8_0
237581600#9_0,e1det_237581600#9_0
237950580_0,e1det_237950580_0
237950581_0,e1det_237950581_0
238412937#1_0,e1det_238412937#1_0
238412937#2_0,e1det_238412937#2_0
238420838#13_0,e1det_238420838#13_0
23892248#2_0,e1det_23892248#2_0
23892248#3_0,e1det_23892248#3_0
23892248#4_0,e1det_23892248#4_0
23892248#5_0,e1det_23892248#5_0
239167099#1_0,e1det_239167099#1_0
239167099#1_1,e1det_239167099#1_1
239167099#3_0,e1det_239167099#3_0
239167099#3_1,e1det_239167099#3_1
239167100#4_0,e1det_239167100#4_0
239167101#1_0,e1det_239167101#1_0
239167102#3_0,e1det_239167102#3_0
239167102#4_0,e1det_239167102#4_0
240367921#1_0,e1det_240367921#1_0
240367921#2_0,e1det_240367921#2_0
240367922#1_0,e1det_240367922#1_0
240367922#1_1,e1det_240367922#1_1
240367923#4_0,e1det_240367923#4_0
240367930#5_0,e1det_240367930#5_0
240367933#4_0,e1det_240367933#4_0
240367934#0_0,e1det_240367934#0_0
240367934#11_0,e1det_240367934#11_0
240367934#6_0,e1det_240367934#6_0
240367934#7_0,e1det_240367934#7_0
240367934#8_0,e1det_240367934#8_0
240367934#9_0,e1det_240367934#9_0
242787708#4_0,e1det_242787708#4_0
242787708#5_0,e1det_242787708#5_0
243055468#2_0,e1det_243055468#2_0
243055468#2_1,e1det_243055468#2_1
243055475_0,e1det_243055475_0
244012054_0,e1det_244012054_0
244012055_0,e1det_244012055_0
244012059#0_0,e1det_244012059#0_0
244012059#4_0,e1det_244012059#4_0
244012059#5_0,e1det_244012059#5_0
24691163#1_0,e1det_24691163#1_0
24691220#0_0,e1det_24691220#0_0
24691220#1_0,e1det_24691220#1_0
24691220#2_0,e1det_24691220#2_0
24691220#3_0,e1det_24691220#3_0
24691220#4_0,e1det_24691220#4_0
24691220#5_0,e1det_24691220#5_0
249229902_0,e1det_249229902_0
251324796#0_0,e1det_251324796#0_0
251324796#13_0,e1det_251324796#13_0
251324796#14_0,e1det_251324796#14_0
251324796#15_0,e1det_251324796#15_0
251324796#16_0,e1det_251324796#16_0
251324796#17_0,e1det_251324796#17_0
251324796#18_0,e1det_251324796#18_0
251324796#20_0,e1det_251324796#20_0
251324796#21_0,e1det_251324796#21_0
251324796#22_0,e1det_251324796#22_0
251327809_0,e1det_251327809_0
251327824#0_0,e1det_251327824#0_0
251327824#1_0,e1det_251327824#1_0
251327824#2_0,e1det_251327824#2_0
251327824#3_0,e1det_251327824#3_0
251329004_0,e1det_251329004_0
251329005_0,e1det_251329005_0
251334042_0,e1det_251334042_0
25207520#2_0,e1det_25207520#2_0
25207520#4_0,e1det_25207520#4_0
25207520#5_0,e1det_25207520#5_0
25207520#6_0,e1det_25207520#6_0
25207520#7_0,e1det_25207520#7_0
253164064_0,e1det_253164064_0
25446414_0,e1det_25446414_0
25446415#0_0,e1det_25446415#0_0
25446415#10_0,e1det_25446415#10_0
25446415#5_0,e1det_25446415#5_0
25446415#6_0,e1det_25446415#6_0
25446415#9_0,e1det_25446415#9_0
255784670_0,e1det_255784670_0
25686353#4_0,e1det_25686353#4_0
26152147#1_0,e1det_26152147#1_0
26152147#1_1,e1det_26152147#1_1
26152147#2_0,e1det_26152147#2_0
26152147#2_1,e1det_26152147#2_1
26152148_0,e1det_26152148_0
26152148_1,e1det_26152148_1
264714515_0,e1det_264714515_0
26679374#2_0,e1det_26679374#2_0
26679374#3_0,e1det_26679374#3_0
26679376#10_0,e1det_26679376#10_0
26679376#5_0,e1det_26679376#5_0
26679376#6_0,e1det_26679376#6_0
26679376#9_0,e1det_26679376#9_0
26812102_0,e1det_26812102_0
26812102_1,e1det_26812102_1
26812131#0_0,e1det_26812131#0_0
26812131#0_1,e1det_26812131#0_1
26812131#1_0,e1det_26812131#1_0
26812131#1_1,e1det_26812131#1_1
26812136#0_0,e1det_26812136#0_0
26812136#0_1,e1det_26812136#0_1
26812136#1_0,e1det_26812136#1_0
26812136#1_1,e1det_26812136#1_1
27081693#3_0,e1det_27081693#3_0
27081693#3_1,e1det_27081693#3_1
27081693#5_0,e1det_27081693#5_0
27081693#5_1,e1det_27081693#5_1
27262001#1_0,e1det_27262001#1_0
27262001#1_1,e1det_27262001#1_1
27262001#2_0,e1det_27262001#2_0
27262001#2_1,e1det_27262001#2_1
27262016#0_0,e1det_27262016#0_0
27262016#0_1,e1det_27262016#0_1
27265184#0_0,e1det_27265184#0_0
27945353#3_0,e1det_27945353#3_0
283538690#7_0,e1det_283538690#7_0
283538690#8_0,e1det_283538690#8_0
283538690#9_0,e1det_283538690#9_0
28416144#2_0,e1det_28416144#2_0
29229119#1_0,e1det_29229119#1_0
29229119#1_1,e1det_29229119#1_1
29235175#1_0,e1det_29235175#1_0
29235182_0,e1det_29235182_0
29235183#10_0,e1det_29235183#10_0
29235183#11_0,e1det_29235183#11_0
29235183#12_0,e1det_29235183#12_0
29235183#1_0,e1det_29235183#1_0
29235183#2_0,e1det_29235183#2_0
29235183#3_0,e1det_29235183#3_0
29235183#4_0,e1det_29235183#4_0
29235183#5_0,e1det_29235183#5_0
29235183#7_0,e1det_29235183#7_0
29813003#4_0,e1det_29813003#4_0
29813003#7_0,e1det_29813003#7_0
30064848#0_0,e1det_30064848#0_0
30064848#1_0,e1det_30064848#1_0
30064875#0_0,e1det_30064875#0_0
30064875#0_1,e1det_30064875#0_1
32954667#4_0,e1det_32954667#4_0
32954667#5_0,e1det_32954667#5_0
33455540_0,e1det_33455540_0
33455540_1,e1det_33455540_1
33455609#1_0,e1det_33455609#1_0
33455857_0,e1det_33455857_0
34319868#0_0,e1det_34319868#0_0
34319868#1_0,e1det_34319868#1_0
352009011_0,e1det_352009011_0
40696643#5_0,e1det_40696643#5_0
409380281_0,e1det_409380281_0
41656898#3_0,e1det_41656898#3_0
41656946#0_0,e1det_41656946#0_0
41656946#0_1,e1det_41656946#0_1
41656946#1_0,e1det_41656946#1_0
41656946#1_1,e1det_41656946#1_1
41656946#2_0,e1det_41656946#2_0
41656946#2_1,e1det_41656946#2_1
41656946#8_0,e1det_41656946#8_0
41656946#8_1,e1det_41656946#8_1
41656946#9_0,e1det_41656946#9_0
41656946#9_1,e1det_41656946#9_1
41656965#4_0,e1det_41656965#4_0
41656965#5_0,e1det_41656965#5_0
41656965#7_0,e1det_41656965#7_0
422119589#1_0,e1det_422119589#1_0
422119590#0_0,e1det_422119590#0_0
422119590#1_0,e1det_422119590#1_0
42345998#0_0,e1det_42345998#0_0
42345998#0_1,e1det_42345998#0_1
42345998#0_2,e1det_42345998#0_2
42345998#10_0,e1det_42345998#10_0
42345998#10_1,e1det_42345998#10_1
42345998#10_2,e1det_42345998#10_2
42345998#1_0,e1det_42345998#1_0
42345998#1_1,e1det_42345998#1_1
42345998#1_2,e1det_42345998#1_2
42353538#8_0,e1det_42353538#8_0
42353538#9_0,e1det_42353538#9_0
42353576#0_0,e1det_42353576#0_0
42353576#2_0,e1det_42353576#2_0
42353576#5_0,e1det_42353576#5_0
42353589#1_0,e1det_42353589#1_0
42353627#7_0,e1det_42353627#7_0
42353627#9_0,e1det_42353627#9_0
42353706#0_0,e1det_42353706#0_0
42353706#1_0,e1det_42353706#1_0
42353706#2_0,e1det_42353706#2_0
42355001#5_0,e1det_42355001#5_0
42355005#10_0,e1det_42355005#10_0
42355005#11_0,e1det_42355005#11_0
42355005#3_0,e1det_42355005#3_0
42355005#4_0,e1det_42355005#4_0
42355005#5_0,e1det_42355005#5_0
42355005#6_0,e1det_42355005#6_0
42355005#8_0,e1det_42355005#8_0
42363103#0_0,e1det_42363103#0_0
42363120_0,e1det_42363120_0
42364857#5_0,e1det_42364857#5_0
42398570#1_0,e1det_42398570#1_0
42398673#2_0,e1det_42398673#2_0
42398977#0_0,e1det_42398977#0_0
42398978#1_0,e1det_42398978#1_0
42398978#7_0,e1det_42398978#7_0
42398979#0_0,e1det_42398979#0_0
42398979#1_0,e1det_42398979#1_0
42400052#0_0,e1det_42400052#0_0
42412027#3_0,e1det_42412027#3_0
42412528#4_0,e1det_42412528#4_0
42412528#5_0,e1det_42412528#5_0
42412632#0_0,e1det_42412632#0_0
42412632#1_0,e1det_42412632#1_0
42412632#2_0,e1det_42412632#2_0
42412632#3_0,e1det_42412632#3_0
42412657#7_0,e1det_42412657#7_0
42412657#8_0,e1det_42412657#8_0
42412751#3_0,e1det_42412751#3_0
42412798#5_0,e1det_42412798#5_0
42454101#3_0,e1det_42454101#3_0
42454168#3_0,e1det_42454168#3_0
42655140#0_0,e1det_42655140#0_0
42657738_0,e1det_42657738_0
42657835_0,e1det_42657835_0
42943110#1_0,e1det_42943110#1_0
42943243#11_0,e1det_42943243#11_0
42943243#12_0,e1det_42943243#12_0
430898065#0_0,e1det_430898065#0_0
430898065#2_0,e1det_430898065#2_0
430898065#6_0,e1det_430898065#6_0
430898065#8_0,e1det_430898065#8_0
44354420_0,e1det_44354420_0
462630730#4_0,e1det_462630730#4_0
462630730#4_1,e1det_462630730#4_1
462630730#4_2,e1det_462630730#4_2
466271889#0_0,e1det_466271889#0_0
48051095_0,e1det_48051095_0
48051095_1,e1det_48051095_1
48051223#13_0,e1det_48051223#13_0
48051223#13_1,e1det_48051223#13_1
48051223#5_0,e1det_48051223#5_0
48051223#5_1,e1det_48051223#5_1
48051223#7_0,e1det_48051223#7_0
48051223#7_1,e1det_48051223#7_1
4822336#0_0,e1det_4822336#0_0
4822336#1_0,e1det_4822336#1_0
4822345#11_0,e1det_4822345#11_0
4822345#13_0,e1det_4822345#13_0
4822345#14_0,e1det_4822345#14_0
4822345#15_0,e1det_4822345#15_0
4822345#19_0,e1det_4822345#19_0
4822345#7_0,e1det_4822345#7_0
4822345#8_0,e1det_4822345#8_0
4822345#9_0,e1det_4822345#9_0
504547045#0_0,e1det_504547045#0_0
50625375#0_0,e1det_50625375#0_0
50625376#1_0,e1det_50625376#1_0
50633435_0,e1det_50633435_0
515983627#0_0,e1det_515983627#0_0
5169015#3_0,e1det_5169015#3_0
543824360#8_0,e1det_543824360#8_0
550304044#0_0,e1det_550304044#0_0
562177329_0,e1det_562177329_0
562177329_1,e1det_562177329_1
562177330#1_0,e1det_562177330#1_0
567248422#2_0,e1det_567248422#2_0
60065311#4_0,e1det_60065311#4_0
60065311#5_0,e1det_60065311#5_0
60110808#1_0,e1det_60110808#1_0
609201045#0_0,e1det_609201045#0_0
609201045#1_0,e1det_609201045#1_0
609201045#3_0,e1det_609201045#3_0
663819976#1_0,e1det_663819976#1_0
663819976#2_0,e1det_663819976#2_0
663819976#3_0,e1det_663819976#3_0
723295641#1_0,e1det_723295641#1_0
723298101_0,e1det_723298101_0
72701010#0_0,e1det_72701010#0_0
739539791#0_0,e1det_739539791#0_0
739539791#1_0,e1det_739539791#1_0
743595603#1_0,e1det_743595603#1_0
757864194#0_0,e1det_757864194#0_0
757864194#1_0,e1det_757864194#1_0
757866631_0,e1det_757866631_0
759035540_0,e1det_759035540_0
818698304#0_0,e1det_818698304#0_0
833742955_0,e1det_833742955_0
83800739#1_0,e1det_83800739#1_0
83812295_0,e1det_83812295_0
83812435#0_0,e1det_83812435#0_0
83812435#0_1,e1det_83812435#0_1
83812435#0_2,e1det_83812435#0_2
83812435#1_0,e1det_83812435#1_0
83812435#1_1,e1det_83812435#1_1
83812435#1_2,e1det_83812435#1_2
83812435#2_0,e1det_83812435#2_0
83812435#2_2,e1det_83812435#2_2
849487526#2_0,e1det_849487526#2_0
852490436_0,e1det_852490436_0
852490436_1,e1det_852490436_1
853328358_0,e1det_853328358_0
854231922#1_0,e1det_854231922#1_0
863690573#3_0,e1det_863690573#3_0
863690576_0,e1det_863690576_0
863690577#1_0,e1det_863690577#1_0
863690577#1_1,e1det_863690577#1_1
865466546_0,e1det_865466546_0
868296018#3_0,e1det_868296018#3_0
868296018#4_0,e1det_868296018#4_0
868296018#7_0,e1det_868296018#7_0
886900163_0,e1det_886900163_0
886900163_1,e1det_886900163_1
886900164#2_0,e1det_886900164#2_0
93467791#13_0,e1det_93467791#13_0
93467791#14_0,e1det_93467791#14_0
93467791#16_0,e1det_93467791#16_0
93467791#17_0,e1det_93467791#17_0
93467791#18_0,e1det_93467791#18_0
93467791#19_0,e1det_93467791#19_0
93467791#20_0,e1det_93467791#20_0
93467791#7_0,e1det_93467791#7_0
93467798#1_0,e1det_93467798#1_0
93467805#0_0,e1det_93467805#0_0
93467805#2_0,e1det_93467805#2_0
93467805#3_0,e1det_93467805#3_0
93467805#4_0,e1det_93467805#4_0
93467805#5_0,e1det_93467805#5_0
93467807#10_0,e1det_93467807#10_0
93467807#11_0,e1det_93467807#11_0
93467807#12_0,e1det_93467807#12_0
93467807#13_0,e1det_93467807#13_0
93467807#14_0,e1det_93467807#14_0
93467807#16_0,e1det_93467807#16_0
93467807#17_0,e1det_93467807#17_0
93467807#8_0,e1det_93467807#8_0
93467807#9_0,e1det_93467807#9_0
939163956_0,e1det_939163956_0
in10_0,e1det_in10_0
in10_1,e1det_in10_1
in11_0,e1det_in11_0
in11_1,e1det_in11_1
in12_0,e1det_in12_0
in14_0,e1det_in14_0
in1_0,e1det_in1_0
in1_1,e1det_in1_1
in3_0,e1det_in3_0
in3_1,e1det_in3_1
in5_0,e1det_in5_0
in5_1,e1det_in5_1
in6_0,e1det_in6_0
in6_1,e1det_in6_1
in8_0,e1det_in8_0
in8_1,e1det_in8_1
